datatype,method,projtol,zeroQ,starttime,ninputpts,npredpts,ncores,gitcommit,uuid,predinput,queryinput,projQ,oref_1,oref_2,oref_3,oref_4,oref_5,oref_6,oref_7,oref_8,oref2_1,oref2_2,oref2_3,oref2_4,oref2_5,oref2_6,oref2_7,oref2_8,nnmu,nnsigma,symruntime,runtime,parity,PredictMethod,KernelType,KernelParameters_1,KernelParameters_2,KernelParameterNames,Beta,Sigma,genseed,errmetrics,rmse,mae
rohrer-Ni,gpr,0.0001,0,05-Dec-2020 22:16:42,1000,1000,6,9a0720b,a2ecb921,octonion,octonion,0,0.731880622688091,-0.633002328994548,-0.252294389881057,0.00251921728229307,0.0939269815816352,0.864081770618349,-0.327686339705401,0.370353990914772,0.731880622688091,-0.633002328994548,-0.252294389881057,0.00251921728229307,0.0939269815816352,0.864081770618349,-0.327686339705401,0.370353990914772,4.78551202351176,3.07218746066873,4.0337287,1.3225677,,fic,SquaredExponential,0.035235687331068,0.0971044308522116,SigmaL,SigmaF,0.988376323249966,0.00646049860257204,47763,,0.0782215230806571,0.0515255436901838
rohrer-Ni,gpr,0.0001,0,07-Dec-2020 10:21:10,1000,1000,6,9a0720b,a2396c6f,octonion,octonion,0,0.731880622688091,-0.633002328994548,-0.252294389881057,0.00251921728229307,0.0939269815816352,0.864081770618349,-0.327686339705401,0.370353990914772,0.731880622688091,-0.633002328994548,-0.252294389881057,0.00251921728229307,0.0939269815816352,0.864081770618349,-0.327686339705401,0.370353990914772,4.55380926443083,3.13017827229245,4.951099,1.6901633,,fic,SquaredExponential,0.0283439088965633,0.0897109952740881,SigmaL,SigmaF,0.966727961358313,0.0126168484223076,89840,,0.0699102658104269,0.0492132186834238
rohrer-Ni,gpr,0.0001,0,05-Dec-2020 17:37:37,1000,1000,6,cca897e,f638683c,octonion,octonion,0,0.731880622688091,-0.633002328994548,-0.252294389881057,0.00251921728229307,0.0939269815816352,0.864081770618349,-0.327686339705401,0.370353990914772,0.731880622688091,-0.633002328994548,-0.252294389881057,0.00251921728229307,0.0939269815816352,0.864081770618349,-0.327686339705401,0.370353990914772,4.71529270653678,3.12635417476856,3.819219,1.4927568,,fic,SquaredExponential,0.0306122317337747,0.235951014824253,SigmaL,SigmaF,0.93675843232893,0.0395223893034615,50411,,0.207802410975989,0.146096146510744
