datatype,method,projtol,zeroQ,starttime,nmeshpts,ndatapts,ncores,gitcommit,uuid,predinput,queryinput,projQ,oref_1,oref_2,oref_3,oref_4,oref_5,oref_6,oref_7,oref_8,oref2_1,oref2_2,oref2_3,oref2_4,oref2_5,oref2_6,oref2_7,oref2_8,nnmu,nnsigma,symruntime,runtime,parity,genseed,errmetrics,rmse,mae
kim,avg,0.0001,0,27-Oct-2020 22:21:48,10000,10000,6,c2514f1,8fcb8d6a,5dof,5dof,1,0.731880622688091,0.633002328994548,0.252294389881057,-0.00251921728229307,0.0939269815816352,-0.864081770618349,0.327686339705401,-0.370353990914772,0.731880622688091,0.633002328994548,0.252294389881057,-0.00251921728229307,0.0939269815816352,-0.864081770618349,0.327686339705401,-0.370353990914772,3.61435480902191,1.31815420766961,27.9522205,0.0005429,,65499,,0.0854965354266513,0.0619829997778401
kim,nn,0.0001,0,27-Oct-2020 22:21:10,10000,10000,6,c2514f1,83b104e6,5dof,5dof,1,0.731880622688091,0.633002328994548,0.252294389881057,-0.00251921728229307,0.0939269815816352,-0.864081770618349,0.327686339705401,-0.370353990914772,0.731880622688091,0.633002328994548,0.252294389881057,-0.00251921728229307,0.0939269815816352,-0.864081770618349,0.327686339705401,-0.370353990914772,3.63571834230816,1.32342287833612,27.896361,1.6493784,,60840,,0.10930021288157,0.0792965643
