datatype,method,projtol,zeroQ,starttime,ninputpts,npredpts,ncores,gitcommit,uuid,predinput,queryinput,projQ,oref_1,oref_2,oref_3,oref_4,oref_5,oref_6,oref_7,oref_8,oref2_1,oref2_2,oref2_3,oref2_4,oref2_5,oref2_6,oref2_7,oref2_8,nnmu,nnsigma,symruntime,runtime,parity,genseed,errmetrics,rmse,mae,Beta,KernelType,PredictMethod,Sigma,KernelParameterNames,KernelParameters_1,KernelParameters_2
rohrer-test,avg,0.0001,0,05-Dec-2020 17:35:38,1000,1000,6,f68ba51,58300289,5dof,5dof,1,0.731880622688091,-0.633002328994548,-0.252294389881057,0.00251921728229307,0.0939269815816352,0.864081770618349,-0.327686339705401,0.370353990914772,0.731880622688091,-0.633002328994548,-0.252294389881057,0.00251921728229307,0.0939269815816352,0.864081770618349,-0.327686339705401,0.370353990914772,6.52380251142294,1.5983723248448,4.2353244,0.000304,,72760,,0.0944811461534865,0.0450741827540957,NaN,<undefined>,<undefined>,NaN,,,
rohrer-test,gpr,0.0001,0,05-Dec-2020 17:35:54,1000,1000,6,f68ba51,8465f5a7,5dof,5dof,0,0.731880622688091,-0.633002328994548,-0.252294389881057,0.00251921728229307,0.0939269815816352,0.864081770618349,-0.327686339705401,0.370353990914772,0.731880622688091,-0.633002328994548,-0.252294389881057,0.00251921728229307,0.0939269815816352,0.864081770618349,-0.327686339705401,0.370353990914772,6.53133361231396,1.65062475850463,3.8424485,1.314602,,22221,,0.034440721256432,0.0190646753875801,0.908109864389149,SquaredExponential,fic,0.00612094294515409,SigmaL,SigmaF,0.0963243059166435,0.169903710697157
rohrer-test,nn,0.0001,0,05-Dec-2020 17:35:22,1000,1000,6,f68ba51,d861bcda,5dof,5dof,1,0.731880622688091,-0.633002328994548,-0.252294389881057,0.00251921728229307,0.0939269815816352,0.864081770618349,-0.327686339705401,0.370353990914772,0.731880622688091,-0.633002328994548,-0.252294389881057,0.00251921728229307,0.0939269815816352,0.864081770618349,-0.327686339705401,0.370353990914772,6.54162554007096,1.54966762842969,5.2105139,0.0527432,,64162,,0.0715692834141628,0.0219864139389497,NaN,<undefined>,<undefined>,NaN,,,
