datatype,method,projtol,zeroQ,starttime,ninputpts,npredpts,ncores,gitcommit,uuid,predinput,queryinput,projQ,oref_1,oref_2,oref_3,oref_4,oref_5,oref_6,oref_7,oref_8,oref2_1,oref2_2,oref2_3,oref2_4,oref2_5,oref2_6,oref2_7,oref2_8,nnmu,nnsigma,symruntime,runtime,parity,genseed,errmetrics,rmse,mae,Beta,KernelType,PredictMethod,Sigma,KernelParameterNames,KernelParameters_1,KernelParameters_2
kim,avg,0.0001,0,05-Dec-2020 17:58:48,1000,1000,6,cca897e,23636411,5dof,5dof,1,0.731880622688091,-0.633002328994548,-0.252294389881057,0.00251921728229307,0.0939269815816352,0.864081770618349,-0.327686339705401,0.370353990914772,0.731880622688091,-0.633002328994548,-0.252294389881057,0.00251921728229307,0.0939269815816352,0.864081770618349,-0.327686339705401,0.370353990914772,4.22764808334578,2.48006367974248,3.8649934,0.0003052,,14442,,0.117670268434064,0.0862933051917143,NaN,<undefined>,<undefined>,NaN,,,
kim,gpr,0.0001,0,05-Dec-2020 17:59:00,1000,1000,6,cca897e,a1c82741,5dof,5dof,0,0.731880622688091,-0.633002328994548,-0.252294389881057,0.00251921728229307,0.0939269815816352,0.864081770618349,-0.327686339705401,0.370353990914772,0.731880622688091,-0.633002328994548,-0.252294389881057,0.00251921728229307,0.0939269815816352,0.864081770618349,-0.327686339705401,0.370353990914772,4.21243712539607,2.61145035262387,4.0281831,1.1379421,,76560,,0.0840990103083176,0.0590085924045425,1.22089784310773,SquaredExponential,fic,0.0652599707529125,SigmaL,SigmaF,0.0563691896042814,0.0858663088541868
kim,nn,0.0001,0,05-Dec-2020 17:58:35,1000,1000,6,cca897e,e7c2762e,5dof,5dof,1,0.731880622688091,-0.633002328994548,-0.252294389881057,0.00251921728229307,0.0939269815816352,0.864081770618349,-0.327686339705401,0.370353990914772,0.731880622688091,-0.633002328994548,-0.252294389881057,0.00251921728229307,0.0939269815816352,0.864081770618349,-0.327686339705401,0.370353990914772,4.29535002950634,2.48305155803241,3.9382403,0.0511618,,82754,,0.097662567154943,0.065764596031746,NaN,<undefined>,<undefined>,NaN,,,
