datatype,method,projtol,zeroQ,starttime,ninputpts,npredpts,ncores,gitcommit,uuid,predinput,queryinput,projQ,oref_1,oref_2,oref_3,oref_4,oref_5,oref_6,oref_7,oref_8,oref2_1,oref2_2,oref2_3,oref2_4,oref2_5,oref2_6,oref2_7,oref2_8,nnmu,nnsigma,symruntime,runtime,parity,PredictMethod,KernelType,KernelParameters_1,KernelParameters_2,KernelParameterNames,Beta,genseed,errmetrics,rmse,mae
brk,gpr,0.0001,0,07-Dec-2020 10:56:25,10000,10000,6,9a0720b,21411e1b,5dof,5dof,0,0.731880622688091,-0.633002328994548,-0.252294389881057,0.00251921728229307,0.0939269815816352,0.864081770618349,-0.327686339705401,0.370353990914772,0.731880622688091,-0.633002328994548,-0.252294389881057,0.00251921728229307,0.0939269815816352,0.864081770618349,-0.327686339705401,0.370353990914772,3.978090181048,0.99344618014611,29.7236634,6.6511373,,fic,SquaredExponential,0.0926810240753806,0.14998511565095,SigmaL,SigmaF,1.15490274539403,54126,,0.0373972884875992,0.0269237325908176
brk,gpr,0.0001,0,07-Dec-2020 10:55:25,10000,10000,6,9a0720b,b1cfd574,5dof,5dof,0,0.731880622688091,-0.633002328994548,-0.252294389881057,0.00251921728229307,0.0939269815816352,0.864081770618349,-0.327686339705401,0.370353990914772,0.731880622688091,-0.633002328994548,-0.252294389881057,0.00251921728229307,0.0939269815816352,0.864081770618349,-0.327686339705401,0.370353990914772,3.97350462719177,0.998318138382411,29.1257017,7.8603829,,fic,SquaredExponential,0.0904621471966681,0.16822776554377,SigmaL,SigmaF,1.13289645618901,88214,,0.0242955024512306,0.0159926804412491
brk,gpr,0.0001,0,07-Dec-2020 10:57:23,10000,10000,6,9a0720b,a51680a1,5dof,5dof,0,0.731880622688091,-0.633002328994548,-0.252294389881057,0.00251921728229307,0.0939269815816352,0.864081770618349,-0.327686339705401,0.370353990914772,0.731880622688091,-0.633002328994548,-0.252294389881057,0.00251921728229307,0.0939269815816352,0.864081770618349,-0.327686339705401,0.370353990914772,4.00102165359227,0.991345347288801,29.750724,7.0367425,,fic,SquaredExponential,0.102907395173663,0.191356729276858,SigmaL,SigmaF,1.1185452343437,75093,,0.0290535159067013,0.0203237049619512
