brkQ,method,projtol,zeroQ,starttime,nmeshpts,ndatapts,ncores,gitcommit,uuid,predinput,queryinput,projQ,oref_1,oref_2,oref_3,oref_4,oref_5,oref_6,oref_7,oref_8,oref2_1,oref2_2,oref2_3,oref2_4,oref2_5,oref2_6,oref2_7,oref2_8,runtime,parity,genseed,errmetrics,rmse,mae,datatype
1,avg,0.0001,0,24-Oct-2020 22:34:11,100,1000,6,f70209c,610fd758,5dof,5dof,1,0.731880622688091,0.633002328994548,0.252294389881057,-0.00251921728229307,0.0939269815816352,-0.864081770618349,0.327686339705401,-0.370353990914772,0.731880622688091,0.633002328994548,0.252294389881057,-0.00251921728229307,0.0939269815816352,-0.864081770618349,0.327686339705401,-0.370353990914772,0.0002915,,35451,,0.125596188868121,0.101947615375136,brk
1,avg,0.0001,0,24-Oct-2020 22:05:53,100,100,6,f70209c,3f234114,5dof,5dof,1,0.731880622688091,0.633002328994548,0.252294389881057,-0.00251921728229307,0.0939269815816352,-0.864081770618349,0.327686339705401,-0.370353990914772,0.731880622688091,0.633002328994548,0.252294389881057,-0.00251921728229307,0.0939269815816352,-0.864081770618349,0.327686339705401,-0.370353990914772,0.0034925,,86720,,0.229417604818615,0.10220391,kim
1,avg,0.0001,0,24-Oct-2020 22:33:59,100,1000,6,f70209c,3a550e23,5dof,5dof,1,0.731880622688091,0.633002328994548,0.252294389881057,-0.00251921728229307,0.0939269815816352,-0.864081770618349,0.327686339705401,-0.370353990914772,0.731880622688091,0.633002328994548,0.252294389881057,-0.00251921728229307,0.0939269815816352,-0.864081770618349,0.327686339705401,-0.370353990914772,0.0008234,,3080,,0.135345484576894,0.0997968670044337,brk
1,avg,0.0001,0,24-Oct-2020 22:33:46,200,1000,6,f70209c,4999701a,5dof,5dof,1,0.731880622688091,0.633002328994548,0.252294389881057,-0.00251921728229307,0.0939269815816352,-0.864081770618349,0.327686339705401,-0.370353990914772,0.731880622688091,0.633002328994548,0.252294389881057,-0.00251921728229307,0.0939269815816352,-0.864081770618349,0.327686339705401,-0.370353990914772,0.0004351,,56775,,0.131536914238443,0.0957365413588294,brk
1,avg,0.0001,0,24-Oct-2020 22:33:34,200,1000,6,f70209c,d2b52681,5dof,5dof,1,0.731880622688091,0.633002328994548,0.252294389881057,-0.00251921728229307,0.0939269815816352,-0.864081770618349,0.327686339705401,-0.370353990914772,0.731880622688091,0.633002328994548,0.252294389881057,-0.00251921728229307,0.0939269815816352,-0.864081770618349,0.327686339705401,-0.370353990914772,0.0021066,,67121,,0.133831723041772,0.0982609421226587,brk
