datatype,sigma,method,projtol,zeroQ,starttime,ninputpts,npredpts,ncores,gitcommit,uuid,predinput,queryinput,projQ,oref_1,oref_2,oref_3,oref_4,oref_5,oref_6,oref_7,oref_8,oref2_1,oref2_2,oref2_3,oref2_4,oref2_5,oref2_6,oref2_7,oref2_8,nnmu,nnsigma,symruntime,runtime,parity,PredictMethod,KernelType,KernelParameters_1,KernelParameters_2,KernelParameters_3,KernelParameters_4,KernelParameters_5,KernelParameters_6,KernelParameters_7,KernelParameters_8,KernelParameterNames,Beta,genseed,errmetrics,rmse,mae
brk,0,gpr,0.0001,0,23-Dec-2020 15:27:09,50000,50000,6,886b2c5,ee46882d,5dof,5dof,1,0.731880622688091,-0.633002328994548,-0.252294389881057,0.00251921728229307,0.0939269815816352,0.864081770618349,-0.327686339705401,0.370353990914772,0.731880622688091,-0.633002328994548,-0.252294389881057,0.00251921728229307,0.0939269815816352,0.864081770618349,-0.327686339705401,0.370353990914772,2.85834984637644,0.703575020609257,161.2637797,14.3718133,,fic,SquaredExponential,0.0900566324105406,0.165315705178463,,,,,,,SigmaL,SigmaF,1.124978562377,10,,0.0217470863454588,0.0143237928405425
brk,0,gpr,0.0001,0,23-Dec-2020 15:59:20,50000,50000,6,886b2c5,9eeabf32,5dof,5dof,1,0.731880622688091,-0.633002328994548,-0.252294389881057,0.00251921728229307,0.0939269815816352,0.864081770618349,-0.327686339705401,0.370353990914772,0.731880622688091,-0.633002328994548,-0.252294389881057,0.00251921728229307,0.0939269815816352,0.864081770618349,-0.327686339705401,0.370353990914772,2.85834984637644,0.703575020609257,160.052503,38.8402675,,fic,ARDSquaredExponential,0.104440799207001,0.0809043358871282,0.0915769250410627,0.0691771498912864,0.0898345652405236,0.0431466587135378,0.0415103653017265,0.150987507354304,LengthScale1,LengthScale2,LengthScale3,LengthScale4,LengthScale5,LengthScale6,LengthScale7,SigmaF,1.1302339219295,10,,0.0219262071004072,0.0142543534841742
