datatype,method,projtol,zeroQ,starttime,ninputpts,npredpts,ncores,gitcommit,uuid,predinput,queryinput,projQ,oref_1,oref_2,oref_3,oref_4,oref_5,oref_6,oref_7,oref_8,oref2_1,oref2_2,oref2_3,oref2_4,oref2_5,oref2_6,oref2_7,oref2_8,nnmu,nnsigma,symruntime,runtime,parity,genseed,errmetrics,rmse,mae,barytol,barytype,int_fraction,inttol,nints,nnMax,nn_mae,nn_rmse,numnonints,barypars
rohrer-Ni,avg,0.0001,0,05-Dec-2020 22:13:07,1000,1000,6,9a0720b,1035fc9c,octonion,octonion,1,0.731880622688091,-0.633002328994548,-0.252294389881057,0.00251921728229307,0.0939269815816352,0.864081770618349,-0.327686339705401,0.370353990914772,0.731880622688091,-0.633002328994548,-0.252294389881057,0.00251921728229307,0.0939269815816352,0.864081770618349,-0.327686339705401,0.370353990914772,5.02049966792159,2.95224399876373,3.7028057,0.0003483,,15576,,0.0933589656630484,0.0734865855515055,NaN,<undefined>,NaN,NaN,NaN,NaN,NaN,NaN,NaN,
rohrer-Ni,avg,0.0001,0,05-Dec-2020 17:37:23,1000,1000,6,cca897e,5e28c4a6,octonion,octonion,1,0.731880622688091,-0.633002328994548,-0.252294389881057,0.00251921728229307,0.0939269815816352,0.864081770618349,-0.327686339705401,0.370353990914772,0.731880622688091,-0.633002328994548,-0.252294389881057,0.00251921728229307,0.0939269815816352,0.864081770618349,-0.327686339705401,0.370353990914772,4.80695962418361,3.12136490300093,3.7434189,0.0003295,,30808,,0.22091953505736,0.17387075580872,NaN,<undefined>,NaN,NaN,NaN,NaN,NaN,NaN,NaN,
rohrer-Ni,pbary,0.0001,0,05-Dec-2020 22:13:21,1000,1000,6,9a0720b,5209905b,octonion,octonion,1,0.731880622688091,-0.633002328994548,-0.252294389881057,0.00251921728229307,0.0939269815816352,0.864081770618349,-0.327686339705401,0.370353990914772,0.731880622688091,-0.633002328994548,-0.252294389881057,0.00251921728229307,0.0939269815816352,0.864081770618349,-0.327686339705401,0.370353990914772,4.90807260966974,3.00044331292595,3.6785633,120.6698193,,50364,,0.0773188342395973,0.0520038055399672,0.1,planar,0.929,0.01,929,10,0.0704410223924731,0.0918957211274654,71,
