datatype,method,projtol,zeroQ,starttime,ninputpts,npredpts,ncores,gitcommit,uuid,predinput,queryinput,projQ,oref_1,oref_2,oref_3,oref_4,oref_5,oref_6,oref_7,oref_8,oref2_1,oref2_2,oref2_3,oref2_4,oref2_5,oref2_6,oref2_7,oref2_8,nnmu,nnsigma,symruntime,runtime,parity,genseed,errmetrics,rmse,mae,Beta,KernelType,PredictMethod,Sigma,KernelParameterNames,KernelParameters_1,KernelParameters_2
rohrer-Ni,avg,0.0001,0,05-Dec-2020 17:41:19,50000,10000,6,cca897e,bc1cd124,octonion,octonion,1,0.731880622688091,-0.633002328994548,-0.252294389881057,0.00251921728229307,0.0939269815816352,0.864081770618349,-0.327686339705401,0.370353990914772,0.731880622688091,-0.633002328994548,-0.252294389881057,0.00251921728229307,0.0939269815816352,0.864081770618349,-0.327686339705401,0.370353990914772,1.75497881389367,1.43077080080234,79.3123186,0.0005107,,62498,,0.234467892385589,0.183202906485115,NaN,<undefined>,<undefined>,NaN,,,
rohrer-Ni,gpr,0.0001,0,05-Dec-2020 17:42:51,50000,10000,6,cca897e,40bb0696,octonion,octonion,0,0.731880622688091,-0.633002328994548,-0.252294389881057,0.00251921728229307,0.0939269815816352,0.864081770618349,-0.327686339705401,0.370353990914772,0.731880622688091,-0.633002328994548,-0.252294389881057,0.00251921728229307,0.0939269815816352,0.864081770618349,-0.327686339705401,0.370353990914772,1.75880371573049,1.43279080371527,80.7280829,19.4659066,,33992,,0.221320273502155,0.168745904147079,0.927252166631572,SquaredExponential,fic,0.121921237016504,SigmaL,SigmaF,0.026327462158224,0.191936254510717
rohrer-Ni,nn,0.0001,0,05-Dec-2020 17:39:33,50000,10000,6,cca897e,9ab21a67,octonion,octonion,1,0.731880622688091,-0.633002328994548,-0.252294389881057,0.00251921728229307,0.0939269815816352,0.864081770618349,-0.327686339705401,0.370353990914772,0.731880622688091,-0.633002328994548,-0.252294389881057,0.00251921728229307,0.0939269815816352,0.864081770618349,-0.327686339705401,0.370353990914772,1.75929222292714,1.434590019585,79.7606403,14.8757533,,28491,,0.206704052077874,0.140078414989043,NaN,<undefined>,<undefined>,NaN,,,
