datatype,method,projtol,zeroQ,starttime,nmeshpts,ndatapts,ncores,gitcommit,uuid,predinput,queryinput,projQ,oref_1,oref_2,oref_3,oref_4,oref_5,oref_6,oref_7,oref_8,oref2_1,oref2_2,oref2_3,oref2_4,oref2_5,oref2_6,oref2_7,oref2_8,nnmu,nnsigma,symruntime,runtime,parity,genseed,errmetrics,rmse,mae
kim,avg,0.0001,0,27-Oct-2020 22:15:35,10000,10000,6,c2514f1,e94d5f12,5dof,5dof,1,0.731880622688091,0.633002328994548,0.252294389881057,-0.00251921728229307,0.0939269815816352,-0.864081770618349,0.327686339705401,-0.370353990914772,0.731880622688091,0.633002328994548,0.252294389881057,-0.00251921728229307,0.0939269815816352,-0.864081770618349,0.327686339705401,-0.370353990914772,3.6695685278715,1.30767661664897,28.4891616,0.0126606,,28410,,0.0843324018581289,0.0619950449128398
kim,avg,0.0001,0,27-Oct-2020 22:14:58,10000,10000,6,c2514f1,8daf0e5d,5dof,5dof,1,0.731880622688091,0.633002328994548,0.252294389881057,-0.00251921728229307,0.0939269815816352,-0.864081770618349,0.327686339705401,-0.370353990914772,0.731880622688091,0.633002328994548,0.252294389881057,-0.00251921728229307,0.0939269815816352,-0.864081770618349,0.327686339705401,-0.370353990914772,3.65378555257515,1.31101298755334,28.2336583,0.0005912,,83931,,0.083821787716471,0.06148882859086
kim,nn,0.0001,0,27-Oct-2020 22:16:12,10000,10000,6,c2514f1,6c8bdd57,5dof,5dof,1,0.731880622688091,0.633002328994548,0.252294389881057,-0.00251921728229307,0.0939269815816352,-0.864081770618349,0.327686339705401,-0.370353990914772,0.731880622688091,0.633002328994548,0.252294389881057,-0.00251921728229307,0.0939269815816352,-0.864081770618349,0.327686339705401,-0.370353990914772,3.65904536406109,1.2849136550676,28.0141173,1.8429095,,91340,,0.10842436592657,0.0775877015999999
kim,nn,0.0001,0,27-Oct-2020 22:14:19,10000,10000,6,c2514f1,6988a9bf,5dof,5dof,1,0.731880622688091,0.633002328994548,0.252294389881057,-0.00251921728229307,0.0939269815816352,-0.864081770618349,0.327686339705401,-0.370353990914772,0.731880622688091,0.633002328994548,0.252294389881057,-0.00251921728229307,0.0939269815816352,-0.864081770618349,0.327686339705401,-0.370353990914772,3.68180311396769,1.28720854448305,30.9161932,1.8228606,,38979,,0.11239685881179,0.0804038644000001
