brkQ,method,projtol,zeroQ,starttime,nmeshpts,ndatapts,ncores,gitcommit,uuid,predinput,queryinput,projQ,runtime,parity,PredictMethod,genseed,errmetrics,rmse,mae
1,gpr,0.0001,0,15-Oct-2020 15:55:20,100,1000,6,3e8138b,2e6a2e98,5dof,5dof,0,0.0607348,,exact,1129343145,,0.112809866730734,0.0838169920596748
1,gpr,0.0001,0,15-Oct-2020 15:41:21,100,1000,6,3e8138b,42b10b3e,5dof,5dof,0,0.0743247,,exact,1129259117,,0.111198100404581,0.0811693468558289
1,nn,0.0001,0,15-Oct-2020 15:55:09,100,1000,6,3e8138b,99a4e4e1,5dof,5dof,1,0.0028619,,,1129341987,,0.139636457351914,0.100030630052918
1,nn,0.0001,0,15-Oct-2020 15:41:08,100,1000,6,3e8138b,1237b376,5dof,5dof,1,0.0033168,,,1129257832,,0.150442555959354,0.105136149057948
