datatype,method,projtol,zeroQ,starttime,ninputpts,npredpts,ncores,gitcommit,uuid,predinput,queryinput,projQ,oref_1,oref_2,oref_3,oref_4,oref_5,oref_6,oref_7,oref_8,oref2_1,oref2_2,oref2_3,oref2_4,oref2_5,oref2_6,oref2_7,oref2_8,nnmu,nnsigma,symruntime,runtime,parity,genseed,errmetrics,rmse,mae,Beta,KernelType,PredictMethod,Sigma,KernelParameterNames,KernelParameters_1,KernelParameters_2
brk,avg,0.0001,0,21-Nov-2020 03:43:07,10000,10000,6,5ff7fa5,dd499bab,5dof,5dof,1,0.731880622688091,-0.633002328994548,-0.252294389881057,0.00251921728229307,0.0939269815816352,0.864081770618349,-0.327686339705401,0.370353990914772,0.731880622688091,-0.633002328994548,-0.252294389881057,0.00251921728229307,0.0939269815816352,0.864081770618349,-0.327686339705401,0.370353990914772,3.98735136929712,0.996732782607096,28.0417217,0.0005408,,43436,,0.129019771539002,0.0962513244357468,NaN,<undefined>,<undefined>,NaN,,,
brk,gpr,0.0001,0,21-Nov-2020 03:43:51,10000,10000,6,5ff7fa5,cec3b8c4,5dof,5dof,0,0.731880622688091,-0.633002328994548,-0.252294389881057,0.00251921728229307,0.0939269815816352,0.864081770618349,-0.327686339705401,0.370353990914772,0.731880622688091,-0.633002328994548,-0.252294389881057,0.00251921728229307,0.0939269815816352,0.864081770618349,-0.327686339705401,0.370353990914772,3.99608476918099,0.99553906133109,27.1575149,5.8958537,,86697,,0.0580733323775053,0.0396222046703822,1.12883944374297,SquaredExponential,fic,0.0564592851402624,SigmaL,SigmaF,0.095161171870787,0.152570689043264
