brkQ,method,projtol,zeroQ,starttime,nmeshpts,ndatapts,ncores,gitcommit,uuid,predinput,queryinput,projQ,runtime,parity,genseed,errmetrics,rmse,mae,PredictMethod,barytol,int_fraction,inttol,nints,nnMax,nn_mae,nn_rmse,numnonints,barytype,barypars
1,avg,0.0001,0,15-Oct-2020 14:55:46,100,100,6,3e8138b,bbb19578,5dof,5dof,1,0.0084165,,1128985880,,0.147776074956656,0.109560310868253,,NaN,NaN,NaN,NaN,NaN,NaN,NaN,NaN,,
1,gpr,0.0001,0,15-Oct-2020 14:56:07,100,100,6,3e8138b,78d9a108,5dof,5dof,0,0.0350049,,1128987976,,0.128257113197214,0.0941012434453783,exact,NaN,NaN,NaN,NaN,NaN,NaN,NaN,NaN,,
1,nn,0.0001,0,15-Oct-2020 14:55:36,100,100,6,3e8138b,8892a890,5dof,5dof,1,0.0165356,,1128984763,,0.138124487608915,0.102909786986253,,NaN,NaN,NaN,NaN,NaN,NaN,NaN,NaN,,
1,pbary,0.0001,0,15-Oct-2020 14:56:17,100,100,6,3e8138b,d13806be,5dof,5dof,1,5.2912311,,1128988942,,0.133421064395988,0.0971892840651695,,0.1,0.77,0.01,77,10,0.123306424258327,0.182454758743841,23,planar,
1,sphbary,0.0001,0,15-Oct-2020 14:56:32,100,100,6,3e8138b,386d1d1c,5dof,5dof,1,5.0327949,,1128990453,,0.138291392994086,0.089875195235211,,0.2,0.79,0.01,79,10,0.122234701315581,0.176122349040813,21,spherical,
1,sphgpr,0.0001,0,15-Oct-2020 14:55:56,100,100,6,3e8138b,08e34707,5dof,5dof,0,1.2111616,,1128986872,,0.147776074956656,0.109560310868253,exact,NaN,NaN,NaN,NaN,NaN,NaN,NaN,NaN,,
