datatype,method,projtol,zeroQ,starttime,ninputpts,npredpts,ncores,gitcommit,uuid,predinput,queryinput,projQ,oref_1,oref_2,oref_3,oref_4,oref_5,oref_6,oref_7,oref_8,oref2_1,oref2_2,oref2_3,oref2_4,oref2_5,oref2_6,oref2_7,oref2_8,nnmu,nnsigma,symruntime,runtime,parity,genseed,errmetrics,rmse,mae,Beta,KernelType,PredictMethod,Sigma,KernelParameterNames,KernelParameters_1,KernelParameters_2
rohrer-Ni,avg,0.0001,0,05-Dec-2020 17:37:23,1000,1000,6,cca897e,5e28c4a6,octonion,octonion,1,0.731880622688091,-0.633002328994548,-0.252294389881057,0.00251921728229307,0.0939269815816352,0.864081770618349,-0.327686339705401,0.370353990914772,0.731880622688091,-0.633002328994548,-0.252294389881057,0.00251921728229307,0.0939269815816352,0.864081770618349,-0.327686339705401,0.370353990914772,4.80695962418361,3.12136490300093,3.7434189,0.0003295,,30808,,0.22091953505736,0.17387075580872,NaN,<undefined>,<undefined>,NaN,,,
rohrer-Ni,gpr,0.0001,0,05-Dec-2020 17:37:37,1000,1000,6,cca897e,f638683c,octonion,octonion,0,0.731880622688091,-0.633002328994548,-0.252294389881057,0.00251921728229307,0.0939269815816352,0.864081770618349,-0.327686339705401,0.370353990914772,0.731880622688091,-0.633002328994548,-0.252294389881057,0.00251921728229307,0.0939269815816352,0.864081770618349,-0.327686339705401,0.370353990914772,4.71529270653678,3.12635417476856,3.819219,1.4927568,,50411,,0.207802410975989,0.146096146510744,0.93675843232893,SquaredExponential,fic,0.0395223893034615,SigmaL,SigmaF,0.0306122317337747,0.235951014824253
rohrer-Ni,nn,0.0001,0,05-Dec-2020 17:37:08,1000,1000,6,cca897e,b5126767,octonion,octonion,1,0.731880622688091,-0.633002328994548,-0.252294389881057,0.00251921728229307,0.0939269815816352,0.864081770618349,-0.327686339705401,0.370353990914772,0.731880622688091,-0.633002328994548,-0.252294389881057,0.00251921728229307,0.0939269815816352,0.864081770618349,-0.327686339705401,0.370353990914772,4.69940215996352,3.13690822731948,4.6836315,0.0510442,,31230,,0.275663280417008,0.185527206602721,NaN,<undefined>,<undefined>,NaN,,,
