datatype,sigma,method,projtol,zeroQ,starttime,ninputpts,npredpts,ncores,gitcommit,uuid,predinput,queryinput,projQ,oref_1,oref_2,oref_3,oref_4,oref_5,oref_6,oref_7,oref_8,oref2_1,oref2_2,oref2_3,oref2_4,oref2_5,oref2_6,oref2_7,oref2_8,nnmu,nnsigma,symruntime,runtime,parity,genseed,errmetrics,rmse,mae,Beta,KernelType,PredictMethod,KernelParameterNames,KernelParameters_1,KernelParameters_2
kim,0,avg,0.0001,0,09-Dec-2020 21:27:37,10000,10000,6,18561f5,f030be0f,5dof,5dof,1,0.731880622688091,-0.633002328994548,-0.252294389881057,0.00251921728229307,0.0939269815816352,0.864081770618349,-0.327686339705401,0.370353990914772,0.731880622688091,-0.633002328994548,-0.252294389881057,0.00251921728229307,0.0939269815816352,0.864081770618349,-0.327686339705401,0.370353990914772,2.17772977010291,1.94941854568222,29.5189656,0.0005534,,10,,0.0885853818385016,0.0642293584293001,NaN,<undefined>,<undefined>,,,
kim,0,gpr,0.0001,0,09-Dec-2020 21:28:14,10000,10000,6,18561f5,c70add4e,5dof,5dof,1,0.731880622688091,-0.633002328994548,-0.252294389881057,0.00251921728229307,0.0939269815816352,0.864081770618349,-0.327686339705401,0.370353990914772,0.731880622688091,-0.633002328994548,-0.252294389881057,0.00251921728229307,0.0939269815816352,0.864081770618349,-0.327686339705401,0.370353990914772,2.17772977010291,1.94941854568222,28.1318844,5.5065684,,10,,0.0555255717485335,0.0399220840408113,1.21967634325263,SquaredExponential,fic,SigmaL,SigmaF,0.064622387751917,0.0740634654401779
kim,0,nn,0.0001,0,09-Dec-2020 21:26:57,10000,10000,6,18561f5,6d6b0cef,5dof,5dof,1,0.731880622688091,-0.633002328994548,-0.252294389881057,0.00251921728229307,0.0939269815816352,0.864081770618349,-0.327686339705401,0.370353990914772,0.731880622688091,-0.633002328994548,-0.252294389881057,0.00251921728229307,0.0939269815816352,0.864081770618349,-0.327686339705401,0.370353990914772,2.17772977010291,1.94941854568222,27.4960073,0.5586563,,10,,0.071953999084456,0.0470405241,NaN,<undefined>,<undefined>,,,
