brkQ,method,projtol,zeroQ,starttime,nmeshpts,ndatapts,ncores,gitcommit,uuid,predinput,queryinput,projQ,runtime,parity,PredictMethod,genseed,errmetrics,rmse,mae
1,gpr,0.0001,0,15-Oct-2020 16:24:44,100,1000,12,98e145d,b5c454d2,5dof,5dof,0,1.332401,,exact,1129519577,,0.110805718968878,0.0817589504330577
1,gpr,0.0001,0,15-Oct-2020 16:24:55,100,1000,12,98e145d,12b7ad4b,5dof,5dof,0,0.168952,,exact,1129520692,,0.119565559920848,0.0871628085358322
1,nn,0.0001,0,15-Oct-2020 16:24:22,100,1000,12,98e145d,5058a9de,5dof,5dof,1,0.016111,,,1129517136,,0.149086497016124,0.104053670154879
1,nn,0.0001,0,15-Oct-2020 16:24:34,100,1000,12,98e145d,414408cd,5dof,5dof,1,0.005466,,,1129518542,,0.141736514526887,0.103274258548668
