datatype,method,projtol,zeroQ,starttime,ninputpts,npredpts,ncores,gitcommit,uuid,predinput,queryinput,projQ,oref_1,oref_2,oref_3,oref_4,oref_5,oref_6,oref_7,oref_8,oref2_1,oref2_2,oref2_3,oref2_4,oref2_5,oref2_6,oref2_7,oref2_8,nnmu,nnsigma,symruntime,runtime,parity,genseed,errmetrics,rmse,mae,Beta,KernelType,PredictMethod,Sigma,KernelParameterNames,KernelParameters_1,KernelParameters_2
kim,avg,0.0001,0,05-Dec-2020 18:02:49,50000,10000,6,9a0720b,d4873d77,5dof,5dof,1,0.731880622688091,-0.633002328994548,-0.252294389881057,0.00251921728229307,0.0939269815816352,0.864081770618349,-0.327686339705401,0.370353990914772,0.731880622688091,-0.633002328994548,-0.252294389881057,0.00251921728229307,0.0939269815816352,0.864081770618349,-0.327686339705401,0.370353990914772,2.03429906954492,1.2215823210078,89.5445029,0.0005586,,1093,,0.0811532877639319,0.0587311904668553,NaN,<undefined>,<undefined>,NaN,,,
kim,gpr,0.0001,0,05-Dec-2020 18:04:20,50000,10000,6,9a0720b,516299f7,5dof,5dof,0,0.731880622688091,-0.633002328994548,-0.252294389881057,0.00251921728229307,0.0939269815816352,0.864081770618349,-0.327686339705401,0.370353990914772,0.731880622688091,-0.633002328994548,-0.252294389881057,0.00251921728229307,0.0939269815816352,0.864081770618349,-0.327686339705401,0.370353990914772,2.03318204114046,1.21809330967958,82.4123628,14.6553311,,47832,,0.079921128463913,0.0577048944888498,1.23192414121857,SquaredExponential,fic,0.0798955498404615,SigmaL,SigmaF,0.0719594724079652,0.0225966188107065
kim,nn,0.0001,0,05-Dec-2020 18:00:55,50000,10000,6,cca897e,6e600f11,5dof,5dof,1,0.731880622688091,-0.633002328994548,-0.252294389881057,0.00251921728229307,0.0939269815816352,0.864081770618349,-0.327686339705401,0.370353990914772,0.731880622688091,-0.633002328994548,-0.252294389881057,0.00251921728229307,0.0939269815816352,0.864081770618349,-0.327686339705401,0.370353990914772,2.03446506393366,1.22109522671892,84.324286,13.6314561,,12376,,0.109712808442122,0.080236596647619,NaN,<undefined>,<undefined>,NaN,,,
