datatype,method,projtol,zeroQ,starttime,nmeshpts,ndatapts,ncores,gitcommit,uuid,predinput,queryinput,projQ,oref_1,oref_2,oref_3,oref_4,oref_5,oref_6,oref_7,oref_8,oref2_1,oref2_2,oref2_3,oref2_4,oref2_5,oref2_6,oref2_7,oref2_8,nnmu,nnsigma,symruntime,runtime,parity,genseed,errmetrics,rmse,mae
rohrer-Ni,avg,0.0001,0,27-Oct-2020 23:11:39,10000,10000,6,990ef38,e3d99c20,5dof,5dof,1,0.731880622688091,0.633002328994548,0.252294389881057,-0.00251921728229307,0.0939269815816352,-0.864081770618349,0.327686339705401,-0.370353990914772,0.731880622688091,0.633002328994548,0.252294389881057,-0.00251921728229307,0.0939269815816352,-0.864081770618349,0.327686339705401,-0.370353990914772,4.00628612807435,0.991910856644101,31.0050046,0.0004936,,9558,,0.236419696990564,0.182070328055525
rohrer-Ni,nn,0.0001,0,27-Oct-2020 23:12:17,10000,10000,6,990ef38,45b8de46,5dof,5dof,1,0.731880622688091,0.633002328994548,0.252294389881057,-0.00251921728229307,0.0939269815816352,-0.864081770618349,0.327686339705401,-0.370353990914772,0.731880622688091,0.633002328994548,0.252294389881057,-0.00251921728229307,0.0939269815816352,-0.864081770618349,0.327686339705401,-0.370353990914772,3.98330046321234,1.01250573810083,28.6792876,1.7023514,,61333,,0.333782800184623,0.259097831739835
