datatype,sigma,method,projtol,zeroQ,starttime,ninputpts,npredpts,ncores,gitcommit,uuid,predinput,queryinput,projQ,oref_1,oref_2,oref_3,oref_4,oref_5,oref_6,oref_7,oref_8,oref2_1,oref2_2,oref2_3,oref2_4,oref2_5,oref2_6,oref2_7,oref2_8,nnmu,nnsigma,symruntime,runtime,parity,genseed,errmetrics,rmse,mae,Beta,KernelType,PredictMethod,KernelParameterNames,KernelParameters_1,KernelParameters_2
kim,0,avg,0.0001,0,09-Dec-2020 21:32:31,10000,10000,6,18561f5,5dbaaa6e,5dof,5dof,1,0.731880622688091,-0.633002328994548,-0.252294389881057,0.00251921728229307,0.0939269815816352,0.864081770618349,-0.327686339705401,0.370353990914772,0.731880622688091,-0.633002328994548,-0.252294389881057,0.00251921728229307,0.0939269815816352,0.864081770618349,-0.327686339705401,0.370353990914772,2.47751830673455,1.92185665211968,27.8008516,0.0003167,,10,,0.0885853818385016,0.0642293584293001,NaN,<undefined>,<undefined>,,,
kim,0,gpr,0.0001,0,09-Dec-2020 21:33:10,10000,10000,6,18561f5,be05cd44,5dof,5dof,1,0.731880622688091,-0.633002328994548,-0.252294389881057,0.00251921728229307,0.0939269815816352,0.864081770618349,-0.327686339705401,0.370353990914772,0.731880622688091,-0.633002328994548,-0.252294389881057,0.00251921728229307,0.0939269815816352,0.864081770618349,-0.327686339705401,0.370353990914772,2.47751830673455,1.92185665211968,30.2289957,5.9004695,,10,,0.055285132033192,0.0396989765436115,1.22128414238279,SquaredExponential,fic,SigmaL,SigmaF,0.0540194520490731,0.0751576977879397
kim,0,nn,0.0001,0,09-Dec-2020 21:31:53,10000,10000,6,18561f5,1b379587,5dof,5dof,1,0.731880622688091,-0.633002328994548,-0.252294389881057,0.00251921728229307,0.0939269815816352,0.864081770618349,-0.327686339705401,0.370353990914772,0.731880622688091,-0.633002328994548,-0.252294389881057,0.00251921728229307,0.0939269815816352,0.864081770618349,-0.327686339705401,0.370353990914772,2.47751830673455,1.92185665211968,27.4713982,0.5708408,,10,,0.0687202753575151,0.0429805157,NaN,<undefined>,<undefined>,,,
