datatype,method,projtol,zeroQ,starttime,ninputpts,npredpts,ncores,gitcommit,uuid,predinput,queryinput,projQ,oref_1,oref_2,oref_3,oref_4,oref_5,oref_6,oref_7,oref_8,oref2_1,oref2_2,oref2_3,oref2_4,oref2_5,oref2_6,oref2_7,oref2_8,nnmu,nnsigma,symruntime,runtime,parity,PredictMethod,KernelType,KernelParameters_1,KernelParameters_2,KernelParameterNames,Beta,genseed,errmetrics,rmse,mae,sigma
brk,gpr,0.0001,0,07-Dec-2020 11:06:38,10000,10000,6,9a0720b,15a00796,5dof,5dof,0,0.731880622688091,-0.633002328994548,-0.252294389881057,0.00251921728229307,0.0939269815816352,0.864081770618349,-0.327686339705401,0.370353990914772,0.731880622688091,-0.633002328994548,-0.252294389881057,0.00251921728229307,0.0939269815816352,0.864081770618349,-0.327686339705401,0.370353990914772,3.99462912512573,0.982195399317373,29.466828,6.1915581,,fic,SquaredExponential,0.0993417703662194,0.18388740860631,SigmaL,SigmaF,1.12385558343316,17538,,0.0303316535267433,0.0211283690277004,0.05
brk,gpr,0.0001,0,07-Dec-2020 11:05:39,10000,10000,6,9a0720b,87268705,5dof,5dof,0,0.731880622688091,-0.633002328994548,-0.252294389881057,0.00251921728229307,0.0939269815816352,0.864081770618349,-0.327686339705401,0.370353990914772,0.731880622688091,-0.633002328994548,-0.252294389881057,0.00251921728229307,0.0939269815816352,0.864081770618349,-0.327686339705401,0.370353990914772,3.97859811330241,0.999067450500008,29.0506935,7.0123748,,fic,SquaredExponential,0.0887532813096136,0.144479229117316,SigmaL,SigmaF,1.14532598782528,81025,,0.0384681233576506,0.0271635686893489,0.1
