datatype,sigma,method,projtol,zeroQ,starttime,ninputpts,npredpts,ncores,gitcommit,uuid,predinput,queryinput,projQ,oref_1,oref_2,oref_3,oref_4,oref_5,oref_6,oref_7,oref_8,oref2_1,oref2_2,oref2_3,oref2_4,oref2_5,oref2_6,oref2_7,oref2_8,nnmu,nnsigma,symruntime,runtime,parity,genseed,errmetrics,rmse,mae,Beta,KernelType,PredictMethod,KernelParameterNames,KernelParameters_1,KernelParameters_2
rohrer-Ni,0.5,avg,0.0001,0,07-Dec-2020 11:40:20,10000,10000,6,9a0720b,9eea3dc1,octonion,octonion,1,0.731880622688091,-0.633002328994548,-0.252294389881057,0.00251921728229307,0.0939269815816352,0.864081770618349,-0.327686339705401,0.370353990914772,0.731880622688091,-0.633002328994548,-0.252294389881057,0.00251921728229307,0.0939269815816352,0.864081770618349,-0.327686339705401,0.370353990914772,2.69951420018324,1.96558391491806,28.7528224,0.0012475,,38666,,0.084297701636157,0.065144990717136,NaN,<undefined>,<undefined>,,,
rohrer-Ni,0.5,gpr,0.0001,0,07-Dec-2020 11:41:06,10000,10000,6,9a0720b,1ef56a31,octonion,octonion,0,0.731880622688091,-0.633002328994548,-0.252294389881057,0.00251921728229307,0.0939269815816352,0.864081770618349,-0.327686339705401,0.370353990914772,0.731880622688091,-0.633002328994548,-0.252294389881057,0.00251921728229307,0.0939269815816352,0.864081770618349,-0.327686339705401,0.370353990914772,2.71100423416108,1.94898913388394,28.113156,11.8026494,,18095,,0.0844285416879828,0.0655374461755424,0.961690255051882,SquaredExponential,fic,SigmaL,SigmaF,0.0184569304881697,0.106449986037976
rohrer-Ni,0.5,nn,0.0001,0,07-Dec-2020 11:39:33,10000,10000,6,9a0720b,d7d65729,octonion,octonion,1,0.731880622688091,-0.633002328994548,-0.252294389881057,0.00251921728229307,0.0939269815816352,0.864081770618349,-0.327686339705401,0.370353990914772,0.731880622688091,-0.633002328994548,-0.252294389881057,0.00251921728229307,0.0939269815816352,0.864081770618349,-0.327686339705401,0.370353990914772,2.71732060465674,1.94654022528627,28.2799764,0.8781583,,49929,,0.506702590413591,0.403337855228722,NaN,<undefined>,<undefined>,,,
