datatype,sigma,method,projtol,zeroQ,starttime,ninputpts,npredpts,ncores,gitcommit,uuid,predinput,queryinput,projQ,oref_1,oref_2,oref_3,oref_4,oref_5,oref_6,oref_7,oref_8,oref2_1,oref2_2,oref2_3,oref2_4,oref2_5,oref2_6,oref2_7,oref2_8,nnmu,nnsigma,symruntime,runtime,parity,PredictMethod,KernelType,KernelParameters_1,KernelParameters_2,KernelParameterNames,Beta,genseed,errmetrics,rmse,mae
brk,0.5,gpr,0.0001,0,07-Dec-2020 11:56:39,10000,10000,6,9a0720b,3b3cbad4,5dof,5dof,0,0.731880622688091,-0.633002328994548,-0.252294389881057,0.00251921728229307,0.0939269815816352,0.864081770618349,-0.327686339705401,0.370353990914772,0.731880622688091,-0.633002328994548,-0.252294389881057,0.00251921728229307,0.0939269815816352,0.864081770618349,-0.327686339705401,0.370353990914772,3.97992275365108,0.996291300579578,28.7353874,9.4667188,,fic,SquaredExponential,0.0526212099625024,0.192067259493376,SigmaL,SigmaF,1.14698064237364,79716,,0.0937303901930146,0.0726475082241188
brk,0.5,nn,0.0001,0,07-Dec-2020 11:55:50,10000,10000,6,9a0720b,585ba7f2,5dof,5dof,1,0.731880622688091,-0.633002328994548,-0.252294389881057,0.00251921728229307,0.0939269815816352,0.864081770618349,-0.327686339705401,0.370353990914772,0.731880622688091,-0.633002328994548,-0.252294389881057,0.00251921728229307,0.0939269815816352,0.864081770618349,-0.327686339705401,0.370353990914772,3.98308769391771,0.990549688603547,28.9203922,0.9193967,,<undefined>,<undefined>,,,,NaN,74430,,0.507963082994503,0.404430703502784
