datatype,method,projtol,zeroQ,starttime,nmeshpts,ndatapts,ncores,gitcommit,uuid,predinput,queryinput,projQ,oref_1,oref_2,oref_3,oref_4,oref_5,oref_6,oref_7,oref_8,oref2_1,oref2_2,oref2_3,oref2_4,oref2_5,oref2_6,oref2_7,oref2_8,nnmu,nnsigma,symruntime,runtime,parity,PredictMethod,KernelType,KernelParameters_1,KernelParameters_2,KernelParameterNames,Beta,Sigma,genseed,errmetrics,rmse,mae,L,int_fraction,nints,numnonints,r
brk,gpr,0.0001,0,26-Oct-2020 15:58:55,1000,1000,12,0fb5236,73497249,5dof,5dof,0,0.731880622688091,0.633002328994548,0.252294389881057,-0.00251921728229307,0.0939269815816352,-0.864081770618349,0.327686339705401,-0.370353990914772,0.731880622688091,0.633002328994548,0.252294389881057,-0.00251921728229307,0.0939269815816352,-0.864081770618349,0.327686339705401,-0.370353990914772,6.48251071242109,1.60494573207117,2.424316,1.542901,,exact,SquaredExponential,0.106077278957007,0.179829222636863,SigmaL,SigmaF,1.13214683053989,0.0554178642562829,84465,,0.0731429027418406,0.0500369507144155,NaN,NaN,NaN,NaN,NaN
brk,idw,0.0001,0,26-Oct-2020 15:58:44,1000,1000,12,0fb5236,34068781,5dof,5dof,1,0.731880622688091,0.633002328994548,0.252294389881057,-0.00251921728229307,0.0939269815816352,-0.864081770618349,0.327686339705401,-0.370353990914772,0.731880622688091,0.633002328994548,0.252294389881057,-0.00251921728229307,0.0939269815816352,-0.864081770618349,0.327686339705401,-0.370353990914772,6.54180003531812,1.59637865040415,3.156638,0.100914,,,,,,,NaN,NaN,40788,,0.113196048105145,0.0817205761758026,2,1,1000,0,0.196244314856231
