datatype,method,projtol,zeroQ,starttime,ninputpts,npredpts,ncores,gitcommit,uuid,predinput,queryinput,projQ,oref_1,oref_2,oref_3,oref_4,oref_5,oref_6,oref_7,oref_8,oref2_1,oref2_2,oref2_3,oref2_4,oref2_5,oref2_6,oref2_7,oref2_8,nnmu,nnsigma,symruntime,runtime,parity,PredictMethod,KernelType,KernelParameters_1,KernelParameters_2,KernelParameterNames,Beta,Sigma,genseed,errmetrics,rmse,mae
brk,gpr,0.0001,0,07-Dec-2020 10:46:28,1000,1000,6,9a0720b,a4fc8058,5dof,5dof,0,0.731880622688091,-0.633002328994548,-0.252294389881057,0.00251921728229307,0.0939269815816352,0.864081770618349,-0.327686339705401,0.370353990914772,0.731880622688091,-0.633002328994548,-0.252294389881057,0.00251921728229307,0.0939269815816352,0.864081770618349,-0.327686339705401,0.370353990914772,6.42830564335197,1.67428843527831,4.2952308,199.0129807,,fic,SquaredExponential,0.381057226765103,12.7023269973617,SigmaL,SigmaF,-2.66581487829852,NaN,33707,,0.0783568074541106,0.0596565575397357
