datatype,method,projtol,zeroQ,starttime,ninputpts,npredpts,ncores,gitcommit,uuid,predinput,queryinput,projQ,oref_1,oref_2,oref_3,oref_4,oref_5,oref_6,oref_7,oref_8,oref2_1,oref2_2,oref2_3,oref2_4,oref2_5,oref2_6,oref2_7,oref2_8,nnmu,nnsigma,symruntime,runtime,parity,genseed,errmetrics,rmse,mae,Beta,KernelType,PredictMethod,Sigma,KernelParameterNames,KernelParameters_1,KernelParameters_2
rohrer-test,avg,0.0001,0,05-Dec-2020 14:18:55,30000,10000,6,14d41c8,6de115bf,5dof,5dof,1,0.731880622688091,-0.633002328994548,-0.252294389881057,0.00251921728229307,0.0939269815816352,0.864081770618349,-0.327686339705401,0.370353990914772,0.731880622688091,-0.633002328994548,-0.252294389881057,0.00251921728229307,0.0939269815816352,0.864081770618349,-0.327686339705401,0.370353990914772,3.17942135280387,0.773031854559447,54.4050894,0.0014582,,89240,,0.0925508981163719,0.044744714614605,NaN,<undefined>,<undefined>,NaN,,,
rohrer-test,gpr,0.0001,0,05-Dec-2020 14:20:00,30000,10000,6,14d41c8,21a73a5b,5dof,5dof,0,0.731880622688091,-0.633002328994548,-0.252294389881057,0.00251921728229307,0.0939269815816352,0.864081770618349,-0.327686339705401,0.370353990914772,0.731880622688091,-0.633002328994548,-0.252294389881057,0.00251921728229307,0.0939269815816352,0.864081770618349,-0.327686339705401,0.370353990914772,3.18310703911693,0.768727523453247,53.4536313,10.5100077,,87913,,0.0965206642026734,0.0454626395593184,0.974576965088879,SquaredExponential,fic,0.0912731011483723,SigmaL,SigmaF,0.0575177117292171,0.0148194975204824
rohrer-test,nn,0.0001,0,05-Dec-2020 14:17:38,30000,10000,6,14d41c8,b4eefcb3,5dof,5dof,1,0.731880622688091,-0.633002328994548,-0.252294389881057,0.00251921728229307,0.0939269815816352,0.864081770618349,-0.327686339705401,0.370353990914772,0.731880622688091,-0.633002328994548,-0.252294389881057,0.00251921728229307,0.0939269815816352,0.864081770618349,-0.327686339705401,0.370353990914772,3.18195757587987,0.774742324561388,56.1024175,8.8746744,,49759,,0.135530253973881,0.0493406254607052,NaN,<undefined>,<undefined>,NaN,,,
