brkQ,method,projtol,zeroQ,starttime,nmeshpts,ndatapts,ncores,gitcommit,uuid,predinput,queryinput,projQ,runtime,parity,L,r,genseed,errmetrics,rmse,mae
1,idw,0.0001,0,17-Oct-2020 23:00:51,10000,10000,6,a12d52d,1eafc565,5dof,5dof,1,1.6769644,,2,0.119131087196729,1149172861,,0.084918929804946,0.0599304481448729
1,idw,0.0001,0,17-Oct-2020 22:51:47,10000,10000,6,a12d52d,070c5559,5dof,5dof,1,2.2357321,,2,,1149118505,,0.113004548032701,0.0822419477597076
1,idw,0.0001,0,17-Oct-2020 22:20:13,10000,10000,6,a12d52d,212868c5,5dof,5dof,1,1.863639,,2,0.174532925199433,1148928811,,0.107662099747664,0.0782328536974069
1,idw,0.0001,0,17-Oct-2020 22:27:23,10000,10000,6,a12d52d,db41043a,5dof,5dof,1,1.4304893,,2,0.0872664625997165,1148972231,,0.0706261651904655,0.049068032193119
