datatype,sigma,method,projtol,zeroQ,starttime,ninputpts,npredpts,ncores,gitcommit,uuid,predinput,queryinput,projQ,oref_1,oref_2,oref_3,oref_4,oref_5,oref_6,oref_7,oref_8,oref2_1,oref2_2,oref2_3,oref2_4,oref2_5,oref2_6,oref2_7,oref2_8,nnmu,nnsigma,symruntime,runtime,parity,genseed,errmetrics,rmse,mae,Beta,KernelType,PredictMethod,KernelParameterNames,KernelParameters_1,KernelParameters_2
rohrer-Ni,0.2,avg,0.0001,0,07-Dec-2020 11:46:09,10000,10000,6,9a0720b,ef3c2c7c,octonion,octonion,1,0.731880622688091,-0.633002328994548,-0.252294389881057,0.00251921728229307,0.0939269815816352,0.864081770618349,-0.327686339705401,0.370353990914772,0.731880622688091,-0.633002328994548,-0.252294389881057,0.00251921728229307,0.0939269815816352,0.864081770618349,-0.327686339705401,0.370353990914772,2.71656719898017,1.96906405223956,28.3607117,0.0003355,,80735,,0.083509385813724,0.0646983272871779,NaN,<undefined>,<undefined>,,,
rohrer-Ni,0.2,gpr,0.0001,0,07-Dec-2020 11:46:56,10000,10000,6,9a0720b,54d4c027,octonion,octonion,0,0.731880622688091,-0.633002328994548,-0.252294389881057,0.00251921728229307,0.0939269815816352,0.864081770618349,-0.327686339705401,0.370353990914772,0.731880622688091,-0.633002328994548,-0.252294389881057,0.00251921728229307,0.0939269815816352,0.864081770618349,-0.327686339705401,0.370353990914772,2.7117988423225,1.95951054658967,29.5979168,8.8172952,,61178,,0.0835079276459498,0.0642527136317574,0.974732485479351,SquaredExponential,fic,SigmaL,SigmaF,0.0349441090204072,0.0516878885299333
rohrer-Ni,0.2,nn,0.0001,0,07-Dec-2020 11:45:23,10000,10000,6,9a0720b,7390624b,octonion,octonion,1,0.731880622688091,-0.633002328994548,-0.252294389881057,0.00251921728229307,0.0939269815816352,0.864081770618349,-0.327686339705401,0.370353990914772,0.731880622688091,-0.633002328994548,-0.252294389881057,0.00251921728229307,0.0939269815816352,0.864081770618349,-0.327686339705401,0.370353990914772,2.70596090461966,1.96522912813222,28.4854066,0.8787426,,10193,,0.218373051719016,0.17279137530459,NaN,<undefined>,<undefined>,,,
