datatype,method,projtol,zeroQ,starttime,ninputpts,npredpts,ncores,gitcommit,uuid,predinput,queryinput,projQ,oref_1,oref_2,oref_3,oref_4,oref_5,oref_6,oref_7,oref_8,oref2_1,oref2_2,oref2_3,oref2_4,oref2_5,oref2_6,oref2_7,oref2_8,nnmu,nnsigma,symruntime,runtime,parity,genseed,errmetrics,rmse,mae,Beta,KernelType,PredictMethod,Sigma,KernelParameterNames,KernelParameters_1,KernelParameters_2
rohrer-Ni,avg,0.0001,0,21-Nov-2020 00:59:22,10000,10000,6,5ff7fa5,4bebdac4,5dof,5dof,1,0.731880622688091,-0.633002328994548,-0.252294389881057,0.00251921728229307,0.0939269815816352,0.864081770618349,-0.327686339705401,0.370353990914772,0.731880622688091,-0.633002328994548,-0.252294389881057,0.00251921728229307,0.0939269815816352,0.864081770618349,-0.327686339705401,0.370353990914772,3.97239048269328,0.989018407782278,26.4930511,0.0017378,,69180,,0.23699001493368,0.182822140894946,NaN,<undefined>,<undefined>,NaN,,,
rohrer-Ni,gpr,0.0001,0,21-Nov-2020 00:59:57,10000,10000,6,5ff7fa5,11258635,5dof,5dof,0,0.731880622688091,-0.633002328994548,-0.252294389881057,0.00251921728229307,0.0939269815816352,0.864081770618349,-0.327686339705401,0.370353990914772,0.731880622688091,-0.633002328994548,-0.252294389881057,0.00251921728229307,0.0939269815816352,0.864081770618349,-0.327686339705401,0.370353990914772,3.98338760750086,0.983175556769907,26.7563923,10.7385106,,26122,,0.235779914153775,0.181666708180996,0.930171100763783,SquaredExponential,fic,0.23440105384573,SigmaL,SigmaF,0.0570851898910471,0.0255622394638856
