datatype,sigma,method,projtol,zeroQ,starttime,ninputpts,npredpts,ncores,gitcommit,uuid,predinput,queryinput,projQ,oref_1,oref_2,oref_3,oref_4,oref_5,oref_6,oref_7,oref_8,oref2_1,oref2_2,oref2_3,oref2_4,oref2_5,oref2_6,oref2_7,oref2_8,nnmu,nnsigma,symruntime,runtime,parity,genseed,errmetrics,rmse,mae,Beta,KernelType,PredictMethod,KernelParameterNames,KernelParameters_1,KernelParameters_2
rohrer-Ni,0.15,avg,0.0001,0,07-Dec-2020 11:50:07,10000,10000,6,9a0720b,239e1651,octonion,octonion,1,0.731880622688091,-0.633002328994548,-0.252294389881057,0.00251921728229307,0.0939269815816352,0.864081770618349,-0.327686339705401,0.370353990914772,0.731880622688091,-0.633002328994548,-0.252294389881057,0.00251921728229307,0.0939269815816352,0.864081770618349,-0.327686339705401,0.370353990914772,2.69622546929607,1.95288964257941,30.3345036,0.0003511,,30383,,0.0842292858672354,0.0653124329481635,NaN,<undefined>,<undefined>,,,
rohrer-Ni,0.15,gpr,0.0001,0,07-Dec-2020 11:50:55,10000,10000,6,9a0720b,c4a640e9,octonion,octonion,0,0.731880622688091,-0.633002328994548,-0.252294389881057,0.00251921728229307,0.0939269815816352,0.864081770618349,-0.327686339705401,0.370353990914772,0.731880622688091,-0.633002328994548,-0.252294389881057,0.00251921728229307,0.0939269815816352,0.864081770618349,-0.327686339705401,0.370353990914772,2.71735395073105,1.95541461606168,29.4840456,9.8902943,,59307,,0.0815911843401738,0.0622754245194328,0.966345435233107,SquaredExponential,fic,SigmaL,SigmaF,0.0632433230917955,0.0319842642074095
rohrer-Ni,0.15,nn,0.0001,0,07-Dec-2020 11:49:17,10000,10000,6,9a0720b,e1dc6b14,octonion,octonion,1,0.731880622688091,-0.633002328994548,-0.252294389881057,0.00251921728229307,0.0939269815816352,0.864081770618349,-0.327686339705401,0.370353990914772,0.731880622688091,-0.633002328994548,-0.252294389881057,0.00251921728229307,0.0939269815816352,0.864081770618349,-0.327686339705401,0.370353990914772,2.72509437123097,1.95824586161766,29.1995417,0.8853982,,86954,,0.179077327374623,0.141966788449078,NaN,<undefined>,<undefined>,,,
