datatype,method,projtol,zeroQ,starttime,nmeshpts,ndatapts,ncores,gitcommit,uuid,predinput,queryinput,projQ,oref_1,oref_2,oref_3,oref_4,oref_5,oref_6,oref_7,oref_8,oref2_1,oref2_2,oref2_3,oref2_4,oref2_5,oref2_6,oref2_7,oref2_8,nnmu,nnsigma,symruntime,runtime,parity,PredictMethod,KernelType,KernelParameters_1,KernelParameters_2,KernelParameterNames,Beta,Sigma,genseed,errmetrics,rmse,mae,brkQ
rohrer-Ni,gpr,0.0001,0,11-Nov-2020 03:52:30,1000,1000,6,990ef38,3954fbe6,5dof,5dof,0,0.731880622688091,-0.633002328994548,-0.252294389881057,0.00251921728229307,0.0939269815816352,0.864081770618349,-0.327686339705401,0.370353990914772,0.731880622688091,-0.633002328994548,-0.252294389881057,0.00251921728229307,0.0939269815816352,0.864081770618349,-0.327686339705401,0.370353990914772,6.52790731370449,1.63389503612975,4.1766791,9.8620643,,fic,SquaredExponential,0.0126151839258912,0.231515187931133,SigmaL,SigmaF,0.937572294211434,0.00314718496872124,94455,,0.240679480867896,0.184207591548807,NaN
