datatype,sigma,method,projtol,zeroQ,starttime,ninputpts,npredpts,ncores,gitcommit,uuid,predinput,queryinput,projQ,oref_1,oref_2,oref_3,oref_4,oref_5,oref_6,oref_7,oref_8,oref2_1,oref2_2,oref2_3,oref2_4,oref2_5,oref2_6,oref2_7,oref2_8,nnmu,nnsigma,symruntime,runtime,parity,genseed,errmetrics,rmse,mae,Beta,KernelType,PredictMethod,KernelParameterNames,KernelParameters_1,KernelParameters_2
kim,0,avg,0.0001,0,09-Dec-2020 20:11:37,10000,10000,6,18561f5,32b9e45b,5dof,5dof,1,0.731880622688091,-0.633002328994548,-0.252294389881057,0.00251921728229307,0.0939269815816352,0.864081770618349,-0.327686339705401,0.370353990914772,0.731880622688091,-0.633002328994548,-0.252294389881057,0.00251921728229307,0.0939269815816352,0.864081770618349,-0.327686339705401,0.370353990914772,2.03900808066292,1.91487378111777,28.4128181,0.0004551,,45110,,0.0888601501166481,0.0638870777740002,NaN,<undefined>,<undefined>,,,
kim,0,gpr,0.0001,0,09-Dec-2020 20:12:14,10000,10000,6,18561f5,c548fd03,5dof,5dof,1,0.731880622688091,-0.633002328994548,-0.252294389881057,0.00251921728229307,0.0939269815816352,0.864081770618349,-0.327686339705401,0.370353990914772,0.731880622688091,-0.633002328994548,-0.252294389881057,0.00251921728229307,0.0939269815816352,0.864081770618349,-0.327686339705401,0.370353990914772,2.05753400313415,1.90951444613589,27.7213571,13.607896,,34554,,0.0523853867653617,0.0354000402808591,1.22611554395133,SquaredExponential,exact,SigmaL,SigmaF,0.0515964906535763,0.0683508578012658
kim,0,nn,0.0001,0,09-Dec-2020 20:10:58,10000,10000,6,18561f5,d399e071,5dof,5dof,1,0.731880622688091,-0.633002328994548,-0.252294389881057,0.00251921728229307,0.0939269815816352,0.864081770618349,-0.327686339705401,0.370353990914772,0.731880622688091,-0.633002328994548,-0.252294389881057,0.00251921728229307,0.0939269815816352,0.864081770618349,-0.327686339705401,0.370353990914772,2.0293803110036,1.91033002040642,29.6954373,0.5477015,,74409,,0.061434150745495,0.0354059724,NaN,<undefined>,<undefined>,,,
