datatype,sigma,method,projtol,zeroQ,starttime,ninputpts,npredpts,ncores,gitcommit,uuid,predinput,queryinput,projQ,oref_1,oref_2,oref_3,oref_4,oref_5,oref_6,oref_7,oref_8,oref2_1,oref2_2,oref2_3,oref2_4,oref2_5,oref2_6,oref2_7,oref2_8,nnmu,nnsigma,symruntime,runtime,parity,PredictMethod,KernelType,KernelParameters_1,KernelParameters_2,KernelParameterNames,Beta,genseed,errmetrics,rmse,mae
rohrer-brk-test,0.1,gpr,0.0001,0,07-Dec-2020 13:24:48,10000,10000,6,9a0720b,5e7f9887,5dof,5dof,0,0.731880622688091,-0.633002328994548,-0.252294389881057,0.00251921728229307,0.0939269815816352,0.864081770618349,-0.327686339705401,0.370353990914772,0.731880622688091,-0.633002328994548,-0.252294389881057,0.00251921728229307,0.0939269815816352,0.864081770618349,-0.327686339705401,0.370353990914772,3.99180608155501,0.979591678767054,29.9951553,6.8532389,,fic,SquaredExponential,0.0927226161272822,0.16079939933185,SigmaL,SigmaF,1.14338151141407,92302,,0.0376590599392101,0.027049063306847
