datatype,sigma,method,projtol,zeroQ,starttime,ninputpts,npredpts,ncores,gitcommit,uuid,predinput,queryinput,projQ,oref_1,oref_2,oref_3,oref_4,oref_5,oref_6,oref_7,oref_8,oref2_1,oref2_2,oref2_3,oref2_4,oref2_5,oref2_6,oref2_7,oref2_8,nnmu,nnsigma,symruntime,runtime,parity,genseed,errmetrics,rmse,mae,Beta,KernelType,PredictMethod,KernelParameterNames,KernelParameters_1,KernelParameters_2
kim,0,avg,0.0001,0,09-Dec-2020 18:38:20,1000,1000,6,18561f5,ebe02758,5dof,5dof,1,0.731880622688091,-0.633002328994548,-0.252294389881057,0.00251921728229307,0.0939269815816352,0.864081770618349,-0.327686339705401,0.370353990914772,0.731880622688091,-0.633002328994548,-0.252294389881057,0.00251921728229307,0.0939269815816352,0.864081770618349,-0.327686339705401,0.370353990914772,3.25498582278126,3.03813536951109,4.2727776,0.0017066,,63318,,0.119047759898734,0.0857667958397142,NaN,<undefined>,<undefined>,,,
kim,0,gpr,0.0001,0,09-Dec-2020 18:38:33,1000,1000,6,18561f5,2a63b56a,5dof,5dof,1,0.731880622688091,-0.633002328994548,-0.252294389881057,0.00251921728229307,0.0939269815816352,0.864081770618349,-0.327686339705401,0.370353990914772,0.731880622688091,-0.633002328994548,-0.252294389881057,0.00251921728229307,0.0939269815816352,0.864081770618349,-0.327686339705401,0.370353990914772,3.37461797482442,3.02874100122299,4.1202886,2.0847096,,56688,,0.0614855555767366,0.0374325374799085,1.22605017549336,SquaredExponential,exact,SigmaL,SigmaF,0.0488478266210038,0.0948213882656984
kim,0,nn,0.0001,0,09-Dec-2020 18:38:07,1000,1000,6,18561f5,b4dfbc0a,5dof,5dof,1,0.731880622688091,-0.633002328994548,-0.252294389881057,0.00251921728229307,0.0939269815816352,0.864081770618349,-0.327686339705401,0.370353990914772,0.731880622688091,-0.633002328994548,-0.252294389881057,0.00251921728229307,0.0939269815816352,0.864081770618349,-0.327686339705401,0.370353990914772,3.29983893033112,3.0589647040956,4.6745015,0.0234714,,27769,,0.0853599628159736,0.0423593722460318,NaN,<undefined>,<undefined>,,,
