datatype,method,projtol,zeroQ,starttime,ninputpts,npredpts,ncores,gitcommit,uuid,predinput,queryinput,projQ,oref_1,oref_2,oref_3,oref_4,oref_5,oref_6,oref_7,oref_8,oref2_1,oref2_2,oref2_3,oref2_4,oref2_5,oref2_6,oref2_7,oref2_8,nnmu,nnsigma,symruntime,runtime,parity,genseed,errmetrics,rmse,mae,Beta,KernelType,PredictMethod,Sigma,KernelParameterNames,KernelParameters_1,KernelParameters_2
kim,avg,0.0001,0,05-Dec-2020 02:50:22,30000,10000,6,14d41c8,0504af3d,5dof,5dof,1,0.731880622688091,-0.633002328994548,-0.252294389881057,0.00251921728229307,0.0939269815816352,0.864081770618349,-0.327686339705401,0.370353990914772,0.731880622688091,-0.633002328994548,-0.252294389881057,0.00251921728229307,0.0939269815816352,0.864081770618349,-0.327686339705401,0.370353990914772,2.39403307491864,1.30834108396146,52.9142112,0.0010236,,57756,,0.0825547757265568,0.0597643306884517,NaN,<undefined>,<undefined>,NaN,,,
kim,gpr,0.0001,0,05-Dec-2020 02:51:24,30000,10000,6,14d41c8,8523b947,5dof,5dof,0,0.731880622688091,-0.633002328994548,-0.252294389881057,0.00251921728229307,0.0939269815816352,0.864081770618349,-0.327686339705401,0.370353990914772,0.731880622688091,-0.633002328994548,-0.252294389881057,0.00251921728229307,0.0939269815816352,0.864081770618349,-0.327686339705401,0.370353990914772,2.38895694109594,1.31632835319155,52.5935653,10.0015004,,93898,,0.0829764787443833,0.0598274547156646,1.23243082275585,SquaredExponential,fic,0.0755922501895924,SigmaL,SigmaF,0.337630887077255,5.16831835223174e-05
kim,nn,0.0001,0,05-Dec-2020 02:49:11,30000,10000,6,14d41c8,2d0a4798,5dof,5dof,1,0.731880622688091,-0.633002328994548,-0.252294389881057,0.00251921728229307,0.0939269815816352,0.864081770618349,-0.327686339705401,0.370353990914772,0.731880622688091,-0.633002328994548,-0.252294389881057,0.00251921728229307,0.0939269815816352,0.864081770618349,-0.327686339705401,0.370353990914772,2.38156155425732,1.31452725031965,54.590143,8.6854843,,47475,,0.111551203504687,0.0821046769444445,NaN,<undefined>,<undefined>,NaN,,,
