brkQ,method,projtol,zeroQ,starttime,nmeshpts,ndatapts,ncores,gitcommit,uuid,predinput,queryinput,projQ,oref_1,oref_2,oref_3,oref_4,oref_5,oref_6,oref_7,oref_8,oref2_1,oref2_2,oref2_3,oref2_4,oref2_5,oref2_6,oref2_7,oref2_8,runtime,parity,PredictMethod,KernelType,KernelParameters_1,KernelParameters_2,KernelParameterNames,Beta,Sigma,genseed,errmetrics,rmse,mae,datatype
1,gpr,0.0001,0,24-Oct-2020 22:08:18,1000,1000,6,f70209c,ca445360,5dof,5dof,0,0.731880622688091,0.633002328994548,0.252294389881057,-0.00251921728229307,0.0939269815816352,-0.864081770618349,0.327686339705401,-0.370353990914772,0.731880622688091,0.633002328994548,0.252294389881057,-0.00251921728229307,0.0939269815816352,-0.864081770618349,0.327686339705401,-0.370353990914772,1.1827271,,exact,SquaredExponential,0.0919482597963026,0.14227114847858,SigmaL,SigmaF,1.1507507294775,0.0565915014495858,86882,,0.0722158930400911,0.0525064637297029,brk
1,gpr,0.0001,0,24-Oct-2020 22:07:45,1000,1000,6,f70209c,96986cc9,5dof,5dof,0,0.731880622688091,0.633002328994548,0.252294389881057,-0.00251921728229307,0.0939269815816352,-0.864081770618349,0.327686339705401,-0.370353990914772,0.731880622688091,0.633002328994548,0.252294389881057,-0.00251921728229307,0.0939269815816352,-0.864081770618349,0.327686339705401,-0.370353990914772,1.8341431,,exact,SquaredExponential,0.0190257282227739,0.107447442802533,SigmaL,SigmaF,1.21425111930735,0.110003786261432,44242,,0.203243132147886,0.0925605830768668,kim
1,gpr,0.0001,0,24-Oct-2020 22:12:28,1000,1000,6,f70209c,4ca96c12,5dof,5dof,0,0.731880622688091,0.633002328994548,0.252294389881057,-0.00251921728229307,0.0939269815816352,-0.864081770618349,0.327686339705401,-0.370353990914772,0.731880622688091,0.633002328994548,0.252294389881057,-0.00251921728229307,0.0939269815816352,-0.864081770618349,0.327686339705401,-0.370353990914772,8.817957,,exact,SquaredExponential,0.0334696999612177,0.0985860754253014,SigmaL,SigmaF,1.20873085761782,0.153152192388989,56958,,0.145773809539282,0.0779124822658612,kim
