datatype,sigma,method,projtol,zeroQ,starttime,ninputpts,npredpts,ncores,gitcommit,uuid,predinput,queryinput,projQ,oref_1,oref_2,oref_3,oref_4,oref_5,oref_6,oref_7,oref_8,oref2_1,oref2_2,oref2_3,oref2_4,oref2_5,oref2_6,oref2_7,oref2_8,nnmu,nnsigma,symruntime,runtime,parity,genseed,errmetrics,rmse,mae,Beta,KernelType,PredictMethod,KernelParameterNames,KernelParameters_1,KernelParameters_2
kim,0,avg,0.0001,0,09-Dec-2020 18:45:12,1000,1000,6,18561f5,2600558c,5dof,5dof,1,0.731880622688091,-0.633002328994548,-0.252294389881057,0.00251921728229307,0.0939269815816352,0.864081770618349,-0.327686339705401,0.370353990914772,0.731880622688091,-0.633002328994548,-0.252294389881057,0.00251921728229307,0.0939269815816352,0.864081770618349,-0.327686339705401,0.370353990914772,2.64456416398495,3.09555287639334,4.1634861,0.0006136,,72418,,0.124009397748767,0.0908854424921905,NaN,<undefined>,<undefined>,,,
kim,0,gpr,0.0001,0,09-Dec-2020 18:45:25,1000,1000,6,18561f5,70936501,5dof,5dof,1,0.731880622688091,-0.633002328994548,-0.252294389881057,0.00251921728229307,0.0939269815816352,0.864081770618349,-0.327686339705401,0.370353990914772,0.731880622688091,-0.633002328994548,-0.252294389881057,0.00251921728229307,0.0939269815816352,0.864081770618349,-0.327686339705401,0.370353990914772,2.61653132742366,3.16987985618812,4.1801847,3.0083352,,39868,,0.0677660563201252,0.0324535329640785,1.21551050889211,SquaredExponential,exact,SigmaL,SigmaF,0.00012804642033141,0.115145373361158
kim,0,nn,0.0001,0,09-Dec-2020 18:44:58,1000,1000,6,18561f5,be22847c,5dof,5dof,1,0.731880622688091,-0.633002328994548,-0.252294389881057,0.00251921728229307,0.0939269815816352,0.864081770618349,-0.327686339705401,0.370353990914772,0.731880622688091,-0.633002328994548,-0.252294389881057,0.00251921728229307,0.0939269815816352,0.864081770618349,-0.327686339705401,0.370353990914772,2.67581713280966,3.16333017771497,4.8683058,0.0118982,,97650,,0.0624970205520453,0.0301141112460317,NaN,<undefined>,<undefined>,,,
