datatype,method,projtol,zeroQ,starttime,ninputpts,npredpts,ncores,gitcommit,uuid,predinput,queryinput,projQ,oref_1,oref_2,oref_3,oref_4,oref_5,oref_6,oref_7,oref_8,oref2_1,oref2_2,oref2_3,oref2_4,oref2_5,oref2_6,oref2_7,oref2_8,nnmu,nnsigma,symruntime,runtime,parity,genseed,errmetrics,rmse,mae,Beta,KernelType,PredictMethod,Sigma,KernelParameterNames,KernelParameters_1,KernelParameters_2
rohrer-Ni,avg,0.0001,0,05-Dec-2020 21:51:06,10000,10000,6,9a0720b,9867a4b2,octonion,octonion,1,0.731880622688091,-0.633002328994548,-0.252294389881057,0.00251921728229307,0.0939269815816352,0.864081770618349,-0.327686339705401,0.370353990914772,0.731880622688091,-0.633002328994548,-0.252294389881057,0.00251921728229307,0.0939269815816352,0.864081770618349,-0.327686339705401,0.370353990914772,2.72391423654076,1.96368634258737,30.231511,0.0044724,,81331,,0.233793428935578,0.180375159204899,NaN,<undefined>,<undefined>,NaN,,,
rohrer-Ni,gpr,0.0001,0,05-Dec-2020 21:51:45,10000,10000,6,9a0720b,2497617d,octonion,octonion,0,0.731880622688091,-0.633002328994548,-0.252294389881057,0.00251921728229307,0.0939269815816352,0.864081770618349,-0.327686339705401,0.370353990914772,0.731880622688091,-0.633002328994548,-0.252294389881057,0.00251921728229307,0.0939269815816352,0.864081770618349,-0.327686339705401,0.370353990914772,2.72648450650806,1.94660916231801,27.3021241,9.3282872,,62643,,0.219737217284669,0.162265290384709,0.921403513519311,SquaredExponential,fic,0.0628144920094802,SigmaL,SigmaF,0.0278772998942471,0.236361947408221
rohrer-Ni,gpr,0.0001,0,05-Dec-2020 17:49:09,10000,10000,6,cca897e,05f26298,octonion,octonion,0,0.731880622688091,-0.633002328994548,-0.252294389881057,0.00251921728229307,0.0939269815816352,0.864081770618349,-0.327686339705401,0.370353990914772,0.731880622688091,-0.633002328994548,-0.252294389881057,0.00251921728229307,0.0939269815816352,0.864081770618349,-0.327686339705401,0.370353990914772,2.70548129524849,1.96018554784278,27.3761926,9.1114666,,8720,,0.221847387306728,0.163058581376901,0.916587914095011,SquaredExponential,fic,0.0816481222927971,SigmaL,SigmaF,0.0263933929595431,0.224761539961231
