datatype,method,projtol,zeroQ,starttime,ninputpts,npredpts,ncores,gitcommit,uuid,predinput,queryinput,projQ,oref_1,oref_2,oref_3,oref_4,oref_5,oref_6,oref_7,oref_8,oref2_1,oref2_2,oref2_3,oref2_4,oref2_5,oref2_6,oref2_7,oref2_8,nnmu,nnsigma,symruntime,runtime,parity,genseed,errmetrics,rmse,mae,Beta,KernelType,PredictMethod,Sigma,KernelParameterNames,KernelParameters_1,KernelParameters_2
rohrer-Ni,avg,0.0001,0,05-Dec-2020 02:43:33,30000,10000,6,14d41c8,72ccd6bd,octonion,octonion,1,0.731880622688091,-0.633002328994548,-0.252294389881057,0.00251921728229307,0.0939269815816352,0.864081770618349,-0.327686339705401,0.370353990914772,0.731880622688091,-0.633002328994548,-0.252294389881057,0.00251921728229307,0.0939269815816352,0.864081770618349,-0.327686339705401,0.370353990914772,2.93031788461917,1.16141167909414,50.3349644,0.0006473,,88152,,0.231562361466778,0.179781443840396,NaN,<undefined>,<undefined>,NaN,,,
rohrer-Ni,gpr,0.0001,0,05-Dec-2020 02:44:36,30000,10000,6,14d41c8,d7935757,octonion,octonion,0,0.731880622688091,-0.633002328994548,-0.252294389881057,0.00251921728229307,0.0939269815816352,0.864081770618349,-0.327686339705401,0.370353990914772,0.731880622688091,-0.633002328994548,-0.252294389881057,0.00251921728229307,0.0939269815816352,0.864081770618349,-0.327686339705401,0.370353990914772,2.93995077826712,1.14717572950104,50.0612561,145.9670843,,71403,,0.23088566635007,0.180304835221686,0.947934561947714,SquaredExponential,fic,0.00231949143702287,SigmaL,SigmaF,0.00610728239350475,0.230779416684445
rohrer-Ni,nn,0.0001,0,05-Dec-2020 02:42:21,30000,10000,6,14d41c8,d9528875,octonion,octonion,1,0.731880622688091,-0.633002328994548,-0.252294389881057,0.00251921728229307,0.0939269815816352,0.864081770618349,-0.327686339705401,0.370353990914772,0.731880622688091,-0.633002328994548,-0.252294389881057,0.00251921728229307,0.0939269815816352,0.864081770618349,-0.327686339705401,0.370353990914772,2.92653230349315,1.16259055970319,49.6834374,8.8809882,,81552,,0.310729136629635,0.232417168151599,NaN,<undefined>,<undefined>,NaN,,,
