datatype,sigma,method,projtol,zeroQ,starttime,ninputpts,npredpts,ncores,gitcommit,uuid,predinput,queryinput,projQ,oref_1,oref_2,oref_3,oref_4,oref_5,oref_6,oref_7,oref_8,oref2_1,oref2_2,oref2_3,oref2_4,oref2_5,oref2_6,oref2_7,oref2_8,nnmu,nnsigma,symruntime,runtime,parity,genseed,errmetrics,rmse,mae,Beta,KernelType,PredictMethod,KernelParameterNames,KernelParameters_1,KernelParameters_2
brk,0.2,avg,0.0001,0,07-Dec-2020 12:00:33,10000,10000,6,9a0720b,9551cb7f,5dof,5dof,1,0.731880622688091,-0.633002328994548,-0.252294389881057,0.00251921728229307,0.0939269815816352,0.864081770618349,-0.327686339705401,0.370353990914772,0.731880622688091,-0.633002328994548,-0.252294389881057,0.00251921728229307,0.0939269815816352,0.864081770618349,-0.327686339705401,0.370353990914772,3.99458200058271,0.985996582886211,29.0132205,0.0020514,,97336,,0.128421208120889,0.0949512647187721,NaN,<undefined>,<undefined>,,,
brk,0.2,gpr,0.0001,0,07-Dec-2020 12:02:11,10000,10000,6,9a0720b,544cf409,5dof,5dof,0,0.731880622688091,-0.633002328994548,-0.252294389881057,0.00251921728229307,0.0939269815816352,0.864081770618349,-0.327686339705401,0.370353990914772,0.731880622688091,-0.633002328994548,-0.252294389881057,0.00251921728229307,0.0939269815816352,0.864081770618349,-0.327686339705401,0.370353990914772,3.97001650008975,0.99939125337898,29.0112322,6.2758615,,55261,,0.0563717104853985,0.0418837988182577,1.15934326310859,SquaredExponential,fic,SigmaL,SigmaF,0.0793361044418416,0.144590694807028
brk,0.2,nn,0.0001,0,07-Dec-2020 12:01:21,10000,10000,6,9a0720b,5c3f785b,5dof,5dof,1,0.731880622688091,-0.633002328994548,-0.252294389881057,0.00251921728229307,0.0939269815816352,0.864081770618349,-0.327686339705401,0.370353990914772,0.731880622688091,-0.633002328994548,-0.252294389881057,0.00251921728229307,0.0939269815816352,0.864081770618349,-0.327686339705401,0.370353990914772,3.98246038551373,0.980118078083289,28.8818468,0.8703345,,74799,,0.239254503726997,0.192401503864521,NaN,<undefined>,<undefined>,,,
