brkQ,method,projtol,zeroQ,starttime,nmeshpts,ndatapts,ncores,gitcommit,uuid,predinput,queryinput,projQ,oref,oref2,runtime,parity,genseed,errmetrics,rmse,mae,datatype
1,avg,0.0001,0,24-Oct-2020 22:34:11,100,1000,6,f70209c,610fd758,5dof,5dof,1,,,0.0002915,,35451,,0.125596188868121,0.101947615375136,brk
1,avg,0.0001,0,24-Oct-2020 22:05:53,100,100,6,f70209c,3f234114,5dof,5dof,1,,,0.0034925,,86720,,0.229417604818615,0.10220391,kim
1,avg,0.0001,0,24-Oct-2020 22:33:59,100,1000,6,f70209c,3a550e23,5dof,5dof,1,,,0.0008234,,3080,,0.135345484576894,0.0997968670044337,brk
1,avg,0.0001,0,24-Oct-2020 22:35:10,100,1000,6,f70209c,2ea2f9d2,5dof,5dof,1,,,0.0003466,,14459,,0.140916518003039,0.105843228762458,brk
