datatype,sigma,method,projtol,zeroQ,starttime,ninputpts,npredpts,ncores,gitcommit,uuid,predinput,queryinput,projQ,oref_1,oref_2,oref_3,oref_4,oref_5,oref_6,oref_7,oref_8,oref2_1,oref2_2,oref2_3,oref2_4,oref2_5,oref2_6,oref2_7,oref2_8,nnmu,nnsigma,symruntime,runtime,parity,PredictMethod,KernelType,KernelParameters_1,KernelParameters_2,KernelParameterNames,Beta,genseed,errmetrics,rmse,mae
rohrer-Ni,0,gpr,0.0001,0,24-Dec-2020 02:34:25,50000,50000,6,886b2c5,b6910d39,octonion,octonion,1,0.731880622688091,-0.633002328994548,-0.252294389881057,0.00251921728229307,0.0939269815816352,0.864081770618349,-0.327686339705401,0.370353990914772,0.731880622688091,-0.633002328994548,-0.252294389881057,0.00251921728229307,0.0939269815816352,0.864081770618349,-0.327686339705401,0.370353990914772,1.9573967941608,1.40662520629579,171.9678529,20.4687366,,fic,SquaredExponential,0.0239174342142068,0.0443776511955064,SigmaL,SigmaF,0.96459069277286,10,,0.123804248662266,0.0936260862516085
