brkQ,method,projtol,zeroQ,starttime,nmeshpts,ndatapts,ncores,gitcommit,uuid,predinput,queryinput,projQ,oref_1,oref_2,oref_3,oref_4,oref_5,oref_6,oref_7,oref_8,oref2_1,oref2_2,oref2_3,oref2_4,oref2_5,oref2_6,oref2_7,oref2_8,runtime,parity,PredictMethod,KernelType,KernelParameters_1,KernelParameters_2,KernelParameterNames,Beta,Sigma,genseed,errmetrics,rmse,mae,L,int_fraction,nints,numnonints,r
1,gpr,0.0001,0,24-Oct-2020 16:15:45,200,10000,12,67f2660,c8921a95,5dof,5dof,0,0.731880622688091,0.633002328994548,0.252294389881057,-0.00251921728229307,0.0939269815816352,-0.864081770618349,0.327686339705401,-0.370353990914772,0.731880622688091,0.633002328994548,0.252294389881057,-0.00251921728229307,0.0939269815816352,-0.864081770618349,0.327686339705401,-0.370353990914772,0.908342,,exact,SquaredExponential,0.0818197845102745,0.131167911522506,SigmaL,SigmaF,1.15834626186372,0.0407255172893538,88165,,0.0998574508512792,0.0710431721733196,NaN,NaN,NaN,NaN,NaN
1,idw,0.0001,0,24-Oct-2020 16:15:31,200,10000,12,67f2660,0823ce78,5dof,5dof,1,0.731880622688091,0.633002328994548,0.252294389881057,-0.00251921728229307,0.0939269815816352,-0.864081770618349,0.327686339705401,-0.370353990914772,0.731880622688091,0.633002328994548,0.252294389881057,-0.00251921728229307,0.0939269815816352,-0.864081770618349,0.327686339705401,-0.370353990914772,0.153482,,,,,,,NaN,NaN,38454,,0.138539658266591,0.0980520555573848,2,1,10000,0,0.0436332312998582
1,nn,0.0001,0,24-Oct-2020 16:15:16,200,10000,12,67f2660,0ccc699d,5dof,5dof,1,0.731880622688091,0.633002328994548,0.252294389881057,-0.00251921728229307,0.0939269815816352,-0.864081770618349,0.327686339705401,-0.370353990914772,0.731880622688091,0.633002328994548,0.252294389881057,-0.00251921728229307,0.0939269815816352,-0.864081770618349,0.327686339705401,-0.370353990914772,0.049108,,,,,,,NaN,NaN,94550,,0.135642802156809,0.0955913925114241,NaN,NaN,NaN,NaN,NaN
