datatype,sigma,method,projtol,zeroQ,starttime,ninputpts,npredpts,ncores,gitcommit,uuid,predinput,queryinput,projQ,oref_1,oref_2,oref_3,oref_4,oref_5,oref_6,oref_7,oref_8,oref2_1,oref2_2,oref2_3,oref2_4,oref2_5,oref2_6,oref2_7,oref2_8,nnmu,nnsigma,symruntime,runtime,parity,PredictMethod,KernelType,KernelParameters_1,KernelParameters_2,KernelParameterNames,Beta,genseed,errmetrics,rmse,mae
rohrer-Ni,0,gpr,0.0001,0,07-Dec-2020 11:31:13,10000,10000,6,9a0720b,aa4413da,octonion,octonion,0,0.731880622688091,-0.633002328994548,-0.252294389881057,0.00251921728229307,0.0939269815816352,0.864081770618349,-0.327686339705401,0.370353990914772,0.731880622688091,-0.633002328994548,-0.252294389881057,0.00251921728229307,0.0939269815816352,0.864081770618349,-0.327686339705401,0.370353990914772,2.70162625478799,1.96418699165229,30.3102788,7.7777527,,fic,SquaredExponential,0.026864285713698,0.0818260419223698,SigmaL,SigmaF,0.962300228220209,33915,,0.079692455949453,0.0585833923298242
rohrer-Ni,0,gpr,0.0001,0,07-Dec-2020 17:11:10,10000,10000,6,9a0720b,5ac86995,octonion,octonion,0,0.731880622688091,-0.633002328994548,-0.252294389881057,0.00251921728229307,0.0939269815816352,0.864081770618349,-0.327686339705401,0.370353990914772,0.731880622688091,-0.633002328994548,-0.252294389881057,0.00251921728229307,0.0939269815816352,0.864081770618349,-0.327686339705401,0.370353990914772,2.7297787794959,1.96012591859461,29.0764355,114.4373947,,sd,SquaredExponential,0.0234522975657411,0.0877494505212096,SigmaL,SigmaF,0.961903114761317,28018,,0.0785391693322546,0.0579192104967573
